{
  "horizon": 1,
  "quality_threshold": 0.5,
  "commission": 0.0001,
  "test_samples": 359510,
  "metrics": {
    "total_trades": 75998,
    "winning_trades": 40530,
    "losing_trades": 34269,
    "win_rate": 53.330350798705226,
    "total_return_pct": -100.0,
    "total_pnl": -1273467.507921,
    "avg_pnl": -16.756592382970606,
    "gross_profit": 76203354.627089,
    "gross_loss": 77476822.13501,
    "profit_factor": 0.9835632454606633,
    "sharpe_ratio": -1.3041939180272892,
    "max_drawdown_pct": 110.28085203822695,
    "avg_trade_duration_bars": 1.2225716466222796,
    "initial_capital": 100000.0,
    "final_capital": 0.0,
    "commission_per_trade": 0.01
  }
}