{
  "horizon": 20,
  "quality_threshold": 0.5,
  "commission": 0.0001,
  "test_samples": 359510,
  "metrics": {
    "total_trades": 95718,
    "winning_trades": 49652,
    "losing_trades": 44110,
    "win_rate": 51.87321089032366,
    "total_return_pct": -100.0,
    "total_pnl": -2021423.1551140002,
    "avg_pnl": -21.118526871790053,
    "gross_profit": 96932069.234718,
    "gross_loss": 98953492.38983199,
    "profit_factor": 0.9795719877460161,
    "sharpe_ratio": -3.5655998834385008,
    "max_drawdown_pct": 181.80129717606277,
    "avg_trade_duration_bars": 1.707682985436386,
    "initial_capital": 100000.0,
    "final_capital": -0.0,
    "commission_per_trade": 0.01
  }
}