{
  "horizon": 5,
  "quality_threshold": 0.5,
  "commission": 0.0001,
  "test_samples": 359510,
  "metrics": {
    "total_trades": 80579,
    "winning_trades": 43501,
    "losing_trades": 35605,
    "win_rate": 53.985529728589334,
    "total_return_pct": -100.0,
    "total_pnl": -11362.395750999916,
    "avg_pnl": -0.14100939141711757,
    "gross_profit": 80966538.776411,
    "gross_loss": 80977901.172162,
    "profit_factor": 0.9998596852278643,
    "sharpe_ratio": -2.5148927563379933,
    "max_drawdown_pct": 132.32456418418232,
    "avg_trade_duration_bars": 1.444210029908537,
    "initial_capital": 100000.0,
    "final_capital": -0.0,
    "commission_per_trade": 0.01
  }
}