{
  "MES": {
    "5": {
      "k_up": 0.8000000000000002,
      "k_down": 0.8,
      "max_bars": 15,
      "fitness": -950.0309693403531,
      "signal_rate": 0.5039949211854696
    },
    "20": {
      "k_up": 0.822060393787502,
      "k_down": 1.1135948639854636,
      "max_bars": 48,
      "fitness": -940.8766680332841,
      "signal_rate": 0.6025517946176954
    }
  },
  "MGC": {
    "5": {
      "k_up": 0.8000000000000002,
      "k_down": 0.8,
      "max_bars": 15,
      "fitness": -950.3365411358959,
      "signal_rate": 0.498998731726854
    },
    "20": {
      "k_up": 0.8204930354962969,
      "k_down": 1.1524615327831662,
      "max_bars": 45,
      "fitness": -941.0303940049607,
      "signal_rate": 0.5912656030972565
    }
  }
}