{
  "MGC": {
    "5": {
      "k_up": 1.8,
      "k_down": 1.8,
      "max_bars": 11,
      "fitness": 4.479608855354247,
      "signal_rate": 0.7011209402427229
    },
    "10": {
      "k_up": 2.420775269039353,
      "k_down": 2.4770195287119146,
      "max_bars": 22,
      "fitness": 4.486651395972581,
      "signal_rate": 0.7254296303222321
    },
    "15": {
      "k_up": 2.479115340734508,
      "k_down": 2.4956675152658767,
      "max_bars": 30,
      "fitness": 4.614563118318214,
      "signal_rate": 0.7991210875279987
    },
    "20": {
      "k_up": 2.4987651930541883,
      "k_down": 2.471391293925315,
      "max_bars": 40,
      "fitness": 0.8483249023275368,
      "signal_rate": 0.8609022960781572
    }
  }
}