{
  "MES": {
    "5": {
      "k_up": 0.8000000000000002,
      "k_down": 0.8,
      "max_bars": 15,
      "fitness": -950.0309693403531,
      "signal_rate": 0.5039949211854696
    },
    "10": {
      "k_up": 0.8332216598512969,
      "k_down": 0.8385072828274592,
      "max_bars": 30,
      "fitness": -413.07131400059234,
      "signal_rate": 0.5823808009639684
    },
    "15": {
      "k_up": 0.8478949095136773,
      "k_down": 0.8803177960433582,
      "max_bars": 45,
      "fitness": -403.2122386087259,
      "signal_rate": 0.5974930129031178
    },
    "20": {
      "k_up": 0.822060393787502,
      "k_down": 1.1135948639854636,
      "max_bars": 48,
      "fitness": -940.8766680332841,
      "signal_rate": 0.6025517946176954
    }
  }
}