{
  "MES": {
    "5": {
      "k_up": 0.8000000000000002,
      "k_down": 0.8,
      "max_bars": 15,
      "fitness": -950.0309693403531,
      "signal_rate": 0.5039949211854696
    },
    "10": {
      "k_up": 0.8332216598512969,
      "k_down": 0.8385072828274592,
      "max_bars": 30,
      "fitness": -413.07131400059234,
      "signal_rate": 0.5823808009639684
    },
    "15": {
      "k_up": 0.8478949095136773,
      "k_down": 0.8803177960433582,
      "max_bars": 45,
      "fitness": -403.2122386087259,
      "signal_rate": 0.5974930129031178
    },
    "20": {
      "k_up": 0.822060393787502,
      "k_down": 1.1135948639854636,
      "max_bars": 48,
      "fitness": -940.8766680332841,
      "signal_rate": 0.6025517946176954
    }
  },
  "MGC": {
    "5": {
      "k_up": 0.8000000000000002,
      "k_down": 0.8,
      "max_bars": 15,
      "fitness": -950.3365411358959,
      "signal_rate": 0.498998731726854
    },
    "10": {
      "k_up": 0.8000918021551842,
      "k_down": 0.8040030433668341,
      "max_bars": 20,
      "fitness": -939.5012234660794,
      "signal_rate": 0.5853994237580518
    },
    "15": {
      "k_up": 0.8553769222298928,
      "k_down": 0.8682906548455903,
      "max_bars": 45,
      "fitness": -904.3674505487347,
      "signal_rate": 0.5995852526105229
    },
    "20": {
      "k_up": 0.8204930354962969,
      "k_down": 1.1524615327831662,
      "max_bars": 45,
      "fitness": -941.0303940049607,
      "signal_rate": 0.5912656030972565
    }
  }
}