{
  "timestamp": "2025-12-19T22:55:20.497340",
  "analysis_type": "Triple-Barrier Optimal Parameter Analysis",
  "symbols_analyzed": [
    "MES",
    "MGC"
  ],
  "horizons_analyzed": [
    1,
    5,
    20
  ],
  "target_hit_rate": "65-70% (30-35% neutral)",
  "detailed_results": {
    "MES": {
      "h1": {
        "n_samples": 1190109,
        "mean_atr": 2.131571,
        "median_atr": 1.396949,
        "mean_abs_move": 1.038989,
        "move_atr_ratio": 0.4874,
        "hit_rates": {
          "0.1": {
            "either": 79.21,
            "up": 40.2,
            "down": 79.21,
            "neutral": 20.79
          },
          "0.15": {
            "either": 75.46,
            "up": 38.3,
            "down": 75.46,
            "neutral": 24.54
          },
          "0.2": {
            "either": 70.6,
            "up": 35.84,
            "down": 70.6,
            "neutral": 29.4
          },
          "0.25": {
            "either": 65.25,
            "up": 33.11,
            "down": 65.25,
            "neutral": 34.75
          },
          "0.3": {
            "either": 59.71,
            "up": 30.31,
            "down": 59.71,
            "neutral": 40.29
          },
          "0.35": {
            "either": 54.32,
            "up": 27.57,
            "down": 54.32,
            "neutral": 45.68
          },
          "0.4": {
            "either": 49.17,
            "up": 24.95,
            "down": 49.17,
            "neutral": 50.83
          },
          "0.45": {
            "either": 44.47,
            "up": 22.54,
            "down": 44.47,
            "neutral": 55.53
          },
          "0.5": {
            "either": 39.64,
            "up": 20.07,
            "down": 39.64,
            "neutral": 60.36
          },
          "0.6": {
            "either": 31.5,
            "up": 15.91,
            "down": 31.5,
            "neutral": 68.5
          },
          "0.7": {
            "either": 24.95,
            "up": 12.56,
            "down": 24.95,
            "neutral": 75.05
          },
          "0.75": {
            "either": 22.17,
            "up": 11.13,
            "down": 22.17,
            "neutral": 77.83
          },
          "0.8": {
            "either": 19.74,
            "up": 9.89,
            "down": 19.74,
            "neutral": 80.26
          },
          "0.9": {
            "either": 15.67,
            "up": 7.8,
            "down": 15.67,
            "neutral": 84.33
          },
          "1.0": {
            "either": 12.4,
            "up": 6.13,
            "down": 12.4,
            "neutral": 87.6
          },
          "1.25": {
            "either": 6.95,
            "up": 3.37,
            "down": 6.95,
            "neutral": 93.05
          },
          "1.5": {
            "either": 3.99,
            "up": 1.91,
            "down": 3.99,
            "neutral": 96.01
          },
          "2.0": {
            "either": 1.5,
            "up": 0.7,
            "down": 1.5,
            "neutral": 98.5
          }
        }
      },
      "h5": {
        "n_samples": 1190105,
        "mean_atr": 2.131573,
        "median_atr": 1.396949,
        "mean_abs_move": 3.007311,
        "move_atr_ratio": 1.4108,
        "hit_rates": {
          "0.1": {
            "either": 98.86,
            "up": 69.4,
            "down": 86.84,
            "neutral": 1.14
          },
          "0.15": {
            "either": 98.66,
            "up": 68.08,
            "down": 84.36,
            "neutral": 1.34
          },
          "0.2": {
            "either": 98.25,
            "up": 66.29,
            "down": 81.11,
            "neutral": 1.75
          },
          "0.25": {
            "either": 97.59,
            "up": 64.2,
            "down": 77.55,
            "neutral": 2.41
          },
          "0.3": {
            "either": 96.66,
            "up": 61.91,
            "down": 73.77,
            "neutral": 3.34
          },
          "0.35": {
            "either": 95.41,
            "up": 59.55,
            "down": 70.04,
            "neutral": 4.59
          },
          "0.4": {
            "either": 93.81,
            "up": 57.14,
            "down": 66.34,
            "neutral": 6.19
          },
          "0.45": {
            "either": 91.94,
            "up": 54.81,
            "down": 62.88,
            "neutral": 8.06
          },
          "0.5": {
            "either": 89.61,
            "up": 52.25,
            "down": 59.17,
            "neutral": 10.39
          },
          "0.6": {
            "either": 84.32,
            "up": 47.47,
            "down": 52.6,
            "neutral": 15.68
          },
          "0.7": {
            "either": 78.54,
            "up": 43.05,
            "down": 46.79,
            "neutral": 21.46
          },
          "0.75": {
            "either": 75.5,
            "up": 40.93,
            "down": 44.18,
            "neutral": 24.5
          },
          "0.8": {
            "either": 72.54,
            "up": 38.99,
            "down": 41.75,
            "neutral": 27.46
          },
          "0.9": {
            "either": 66.57,
            "up": 35.25,
            "down": 37.34,
            "neutral": 33.43
          },
          "1.0": {
            "either": 60.65,
            "up": 31.74,
            "down": 33.36,
            "neutral": 39.35
          },
          "1.25": {
            "either": 47.11,
            "up": 24.18,
            "down": 25.12,
            "neutral": 52.89
          },
          "1.5": {
            "either": 36.03,
            "up": 18.21,
            "down": 18.99,
            "neutral": 63.97
          },
          "2.0": {
            "either": 20.88,
            "up": 10.27,
            "down": 11.02,
            "neutral": 79.12
          }
        }
      },
      "h20": {
        "n_samples": 1190090,
        "mean_atr": 2.131581,
        "median_atr": 1.396949,
        "mean_abs_move": 6.838451,
        "move_atr_ratio": 3.2082,
        "hit_rates": {
          "0.1": {
            "either": 100.0,
            "up": 84.93,
            "down": 93.12,
            "neutral": 0.0
          },
          "0.15": {
            "either": 100.0,
            "up": 84.22,
            "down": 91.71,
            "neutral": 0.0
          },
          "0.2": {
            "either": 99.99,
            "up": 83.25,
            "down": 89.85,
            "neutral": 0.01
          },
          "0.25": {
            "either": 99.97,
            "up": 82.11,
            "down": 87.83,
            "neutral": 0.03
          },
          "0.3": {
            "either": 99.94,
            "up": 80.83,
            "down": 85.67,
            "neutral": 0.06
          },
          "0.35": {
            "either": 99.87,
            "up": 79.47,
            "down": 83.54,
            "neutral": 0.13
          },
          "0.4": {
            "either": 99.78,
            "up": 78.06,
            "down": 81.35,
            "neutral": 0.22
          },
          "0.45": {
            "either": 99.65,
            "up": 76.69,
            "down": 79.3,
            "neutral": 0.35
          },
          "0.5": {
            "either": 99.48,
            "up": 75.15,
            "down": 77.09,
            "neutral": 0.52
          },
          "0.6": {
            "either": 99.02,
            "up": 72.22,
            "down": 73.05,
            "neutral": 0.98
          },
          "0.7": {
            "either": 98.39,
            "up": 69.36,
            "down": 69.35,
            "neutral": 1.61
          },
          "0.75": {
            "either": 97.97,
            "up": 67.96,
            "down": 67.59,
            "neutral": 2.03
          },
          "0.8": {
            "either": 97.51,
            "up": 66.62,
            "down": 65.92,
            "neutral": 2.49
          },
          "0.9": {
            "either": 96.38,
            "up": 63.95,
            "down": 62.8,
            "neutral": 3.62
          },