{
  "run_id": "20251220_085120",
  "timestamp": "2025-12-20 08:51:20",
  "symbols": [
    "MES",
    "MGC"
  ],
  "horizons": [
    1,
    5,
    20
  ],
  "status": "PASSED",
  "barrier_params_old": {
    "1": {
      "k_up": 0.25,
      "k_down": 0.25,
      "max_bars": 5
    },
    "5": {
      "k_up": 1.1,
      "k_down": 0.75,
      "max_bars": 15
    },
    "20": {
      "k_up": 2.4,
      "k_down": 1.7,
      "max_bars": 60
    }
  },
  "barrier_params_new": {
    "1": {
      "k_up": 0.25,
      "k_down": 0.25,
      "max_bars": 5,
      "active": false
    },
    "5": {
      "k_up": 0.9,
      "k_down": 0.9,
      "max_bars": 25,
      "active": true
    },
    "20": {
      "k_up": 2.0,
      "k_down": 2.0,
      "max_bars": 100,
      "active": true
    }
  },
  "purge_bars_old": 20,
  "purge_bars_new": 60,
  "label_distributions_before": {
    "MES": {
      "1": {
        "long_pct": 61.187957415701064,
        "short_pct": 38.38569543991731,
        "neutral_pct": 0.4263471443816118,
        "long_count": 728204,
        "short_count": 456832,
        "neutral_count": 5074,
        "total": 1190110
      },
      "5": {
        "long_pct": 50.26568972615977,
        "short_pct": 48.74919125122888,
        "neutral_pct": 0.9851190226113552,
        "long_count": 598217,
        "short_count": 580169,
        "neutral_count": 11724,
        "total": 1190110
      },
      "20": {
        "long_pct": 50.26787439816488,
        "short_pct": 47.76919780524489,
        "neutral_pct": 1.962927796590231,
        "long_count": 598243,
        "short_count": 568506,
        "neutral_count": 23361,
        "total": 1190110
      }
    },
    "MGC": {
      "1": {
        "long_pct": 56.78103892385765,
        "short_pct": 43.0978230739761,
        "neutral_pct": 0.12113800216625198,
        "long_count": 686221,
        "short_count": 520854,
        "neutral_count": 1464,
        "total": 1208539
      },
      "5": {
        "long_pct": 50.1457545019234,
        "short_pct": 49.53187278192925,
        "neutral_pct": 0.3223727161473482,
        "long_count": 606031,
        "short_count": 598612,
        "neutral_count": 3896,
        "total": 1208539
      },
      "20": {
        "long_pct": 49.53725117683418,
        "short_pct": 49.021918200405615,
        "neutral_pct": 1.4408306227602088,
        "long_count": 598677,
        "short_count": 592449,
        "neutral_count": 17413,
        "total": 1208539
      }
    }
  },
  "label_distributions_after": {
    "MES": {
      "1": {
        "long_pct": 61.187957415701064,
        "short_pct": 38.38569543991731,
        "neutral_pct": 0.4263471443816118,
        "long_count": 728204,
        "short_count": 456832,
        "neutral_count": 5074,
        "total": 1190110
      },
      "5": {
        "long_pct": 50.26568972615977,
        "short_pct": 48.74919125122888,
        "neutral_pct": 0.9851190226113552,
        "long_count": 598217,
        "short_count": 580169,
        "neutral_count": 11724,
        "total": 1190110
      },
      "20": {
        "long_pct": 50.26787439816488,
        "short_pct": 47.76919780524489,
        "neutral_pct": 1.962927796590231,
        "long_count": 598243,
        "short_count": 568506,
        "neutral_count": 23361,
        "total": 1190110
      }
    },
    "MGC": {
      "1": {
        "long_pct": 56.78103892385765,
        "short_pct": 43.0978230739761,
        "neutral_pct": 0.12113800216625198,
        "long_count": 686221,
        "short_count": 520854,
        "neutral_count": 1464,
        "total": 1208539
      },
      "5": {
        "long_pct": 50.1457545019234,
        "short_pct": 49.53187278192925,
        "neutral_pct": 0.3223727161473482,
        "long_count": 606031,
        "short_count": 598612,
        "neutral_count": 3896,
        "total": 1208539
      },
      "20": {
        "long_pct": 49.53725117683418,
        "short_pct": 49.021918200405615,
        "neutral_pct": 1.4408306227602088,
        "long_count": 598677,
        "short_count": 592449,
        "neutral_count": 17413,
        "total": 1208539
      }
    }
  },
  "issues": [],
  "warnings": []
}