{
  "horizon": 20,
  "best_k_up": 3.0,
  "best_k_down": 2.1,
  "best_max_bars": 50,
  "best_fitness": -3.176820619810723,
  "optimizer": "default_fallback",
  "n_trials": 0,
  "warning": "Optimization failed - using default parameters",
  "validation": {
    "n_total": 1190110,
    "n_long": 437021,
    "n_short": 620292,
    "n_neutral": 132747,
    "pct_long": 36.72105939787078,
    "pct_short": 52.12056028434346,
    "pct_neutral": 11.154179025468235,
    "signal_rate": 0.8884161968221425
  }
}